"","Fr_Countryname.x","Country","Fr_Countryname.y","Fr_FCV_status","Fr_FCS_Normalised","Fr_month","Fr_pt_suc","Fr_pt_attempt","Fr_delayed","Fr_irreg_lead_ant","Fr_anticipation","Fr_delayed_adj","Fr_anticipation_adj","Fr_pol_trigger","Fr_REIGN_Normalised","Fr_Country of origin (ISO)","Fr_refugees","Fr_z_refugees","Fr_refugees_fragile","Fr_idps","Fr_z_idps","Fr_idps_fragile","Fr_z_refugees_norm","Fr_Displaced_UNHCR_Normalised","Fr_month_yr","Fr_fatal_month","Fr_fatal_month_log","Fr_fatal_3_month","Fr_fatal_3_month_log","Fr_fatal_z","Fr_sd","Fr_mean","Fr_BRD_Normalised"
"1","Libya","LBY","Libya","Medium-Intensity conflict",10,7,0,0,0,1,1,0,1,"Fragile",10,"LBY",16033,1.31959956785323,"Fragile",355672,0.642277319030563,"Not Fragile",10,6.42277319030563,Jun 2021,21,3.09104245335832,27,3.3322045101752,-1.31195650651945,1.44144729659243,5.22332066974451,0
"2","Sudan","SDN","Sudan","High-Institutional and Social Fragility",10,7,0,0,0,0,0,0,0,"Not Fragile",0,"SDN",734947,1.22151268068247,"Fragile",1885782,-0.680296017481764,"Not Fragile",10,0,Jun 2021,138,4.93447393313069,445,6.10031895202006,1.27834573531794,0.489232810383271,5.474910275289,10
"3","Afghanistan","AFG","Afghanistan","High-Intensity Conflict",0,7,0,0,0,0,0,0,0,"Not Fragile",0,"AFG",2728853,1.20954830419611,"Fragile",2553390,1.33037304570665,"Fragile",10,10,Jun 2021,7730,8.95299349932047,16413,9.70588990818966,1.69970794847687,0.391287732503279,9.04081503911234,10
"4","Mozambique","MOZ","Mozambique","Medium-Intensity conflict",10,7,0,0,0,0,0,0,0,"Not Fragile",0,"MOZ",77,1.90550580711589,"Fragile",180516,2.03028007670222,"Fragile",10,10,Jun 2021,207,5.33753807970132,315,5.75574221358691,0.687611770193625,0.835915674669451,5.18095675679485,8.43805885096813
"5","Niger","NER","Niger","Medium-Intensity conflict",10,7,0,0,0,0,0,0,0,"Not Fragile",0,"NER",3063,1.42665034633896,"Fragile",191902,1.06337869433977,"Fragile",10,10,Jun 2021,63,4.15888308335967,252,5.53338948872752,0.43553914495956,0.861829851011121,5.15802885231751,7.1776957247978
"6","Algeria","DZA","Algeria",NA,0,7,0,0,0,0,0,0,0,"Not Fragile",0,"DZA",4514,1.48781742199383,"Fragile",0,0,"Not Fragile",10,0,Jun 2021,0,0,2,1.09861228866811,-1.31529570348659,0.750700464502335,2.08600538423342,0
"7","Ethiopia","ETH","Ethiopia","Medium-Intensity conflict",10,7,0,0,0,0,0,0,0,"Not Fragile",0,"ETH",95685,1.59356748234468,"Fragile",1733628,0.750490206032001,"Not Fragile",10,7.50490206032001,Jun 2021,513,6.24222326545517,1576,7.36327958696304,1.40668259386637,1.06048225918891,5.87151765185791,10
"8","Iraq","IRQ","Iraq","Medium-Intensity conflict",10,7,0,0,1,0,0,1,0,"Fragile",10,"IRQ",344460,0.1484014038314,"Not Fragile",1414632,-1.28554258120551,"Not Fragile",1.484014038314,0,Jun 2021,273,5.61312810638807,881,6.78219205600679,-0.000865824693855214,0.328205789657617,6.78247622468414,4.99567087653072
"9","South Sudan","SSD","South Sudan","Medium-Intensity conflict",10,7,0,0,0,0,1,0,1,"Fragile",10,"SSD",2234814,0.748819192515885,"Not Fragile",1665815,-1.11918733523625,"Not Fragile",7.48819192515885,0,Jun 2021,124,4.8283137373023,666,6.50279004591562,0.865008097247557,0.460758788863998,6.10422996267029,9.32504048623779
"10","Central African Republic","CAF","Central African Republic","Medium-Intensity conflict",10,NA,NA,NA,NA,NA,NA,NA,NA,NA,NA,"CAF",610203,1.18920703589202,"Fragile",669906,0.84765583773798,"Not Fragile",10,8.4765583773798,Jun 2021,118,4.77912349311153,288,5.66642668811243,1.02945870572555,0.666813095274951,4.97997014208983,10
"11","Chad","TCD","Chad","Medium-Intensity conflict",10,7,0,0,0,0,0,0,0,"Not Fragile",0,"TCD",11192,-0.564832926971926,"Not Fragile",170278,1.0277231751882,"Fragile",0,10,Jun 2021,18,2.94443897916644,605,6.40687998606931,1.97759906161256,0.762278882846333,4.89939798266533,10
"12","Croatia","HRV","Croatia",NA,0,7,0,0,0,0,0,0,0,"Not Fragile",0,"HRV",23793,-0.750851519010677,"Not Fragile",0,0,"Not Fragile",0,0,Jun 2021,0,0,0,0,-0.549707066026262,0.298643491501338,0.16416643750104,0
"13","Lebanon","LBN","Lebanon","High-Institutional and Social Fragility",10,7,0,0,0,0,0,0,0,"Not Fragile",0,"LBN",5801,1.20394764243321,"Fragile",0,0,"Not Fragile",10,0,Jun 2021,2,1.09861228866811,7,2.07944154167984,0.0327639312464227,0.697569693247253,2.05658641621069,5.16381965623211
"14","Maldives","MDV","Maldives",NA,0,7,0,0,0,0,0,0,0,"Not Fragile",0,"MDV",75,1.00247831854675,"Fragile",0,0,"Not Fragile",10,0,NA,NA,NA,NA,NA,NA,NA,NA,NA
"15","Mauritania","MRT","Mauritania",NA,0,7,0,0,0,0,0,0,0,"Not Fragile",0,"MRT",37423,1.06545668541687,"Fragile",0,0,"Not Fragile",10,0,Jun 2021,0,0,0,0,-0.944473035656768,0.497756374756963,0.470117474284216,0
"16","Ukraine","UKR","Ukraine",NA,0,7,0,0,0,0,0,0,0,"Not Fragile",0,"UKR",59839,-1.21490314253036,"Not Fragile",734000,-1.3430592757425,"Not Fragile",0,0,Jun 2021,24,3.2188758248682,65,4.18965474202643,-0.0983302664039921,0.938059636995516,4.28189439603503,4.50834866798004
"17","Zimbabwe","ZWE","Zimbabwe","High-Institutional and Social Fragility",10,7,0,0,0,0,0,0,0,"Not Fragile",0,"ZWE",10603,-1.64040353496233,"Not Fragile",270000,2.04124145231932,"Fragile",0,10,Jun 2021,0,0,2,1.09861228866811,-0.850625948487237,0.767531090966226,1.7514941509147,0
"18","Belarus","BLR","Belarus",NA,0,7,0,0,0,0,0,0,0,"Not Fragile",0,"BLR",3425,-1.11793418191719,"Not Fragile",0,0,"Not Fragile",0,0,Jun 2021,0,0,0,0,-0.39609342292658,0.510104505140909,0.202049039491532,0
"19","Brazil","BRA","Brazil",NA,0,7,0,0,0,0,0,0,0,"Not Fragile",0,"BRA",1399,1.8769145809943,"Fragile",0,0,"Not Fragile",10,0,Jun 2021,436,6.07993319509559,1334,7.19668657083435,0.149791377015837,0.146422535026939,7.17475373768652,5.74895688507918
"20","Cabo Verde","CPV","Cabo Verde",NA,0,7,0,0,0,0,0,0,0,"Not Fragile",0,"CPV",10,-0.502365070228673,"Not Fragile",0,0,"Not Fragile",0,0,NA,NA,NA,NA,NA,NA,NA,NA,NA
"21","Haiti","HTI","Haiti","Medium-Intensity conflict",10,7,0,0,1,1,1,1,1,"Fragile",10,"HTI",26734,-0.936109436046491,"Not Fragile",0,0,"Not Fragile",0,0,Jun 2021,60,4.11087386417331,148,5.00394630594546,0.822551790043234,0.546887171571332,4.55410328401778,9.11275895021617
"22","Honduras","HND","Honduras",NA,0,7,0,0,0,0,1,0,0,"Not Fragile",0,"HND",26370,1.56738264377144,"Fragile",247090,1.0915648462873,"Fragile",10,10,Jun 2021,65,4.18965474202643,180,5.19849703126583,0.0425856733995499,0.303101538481739,5.18558924814114,5.21292836699775
"23","Peru","PER","Peru",NA,0,7,0,0,0,0,0,0,0,"Not Fragile",0,"PER",2765,-0.426586156798441,"Not Fragile",0,0,"Not Fragile",0,0,Jun 2021,0,0,18,2.94443897916644,1.25135372600926,0.765123716864343,1.98699856521019,10
"24","Serbia","SRB","Serbia",NA,0,7,0,0,0,0,0,0,0,"Not Fragile",0,"SRB",31251,-0.94833170844797,"Not Fragile",214696,-1.21332535272532,"Not Fragile",0,0,Jun 2021,0,0,0,0,-0.597978092648847,0.419578893760165,0.250898986606417,0
"25","Somalia","SOM","Somalia","High-Intensity Conflict",0,7,0,0,1,0,0,0,0,"Not Fragile",0,"SOM",905109,-1.26019120084474,"Not Fragile",2648000,1.10586606533145,"Fragile",0,10,Jun 2021,513,6.24222326545517,1001,6.90975328164481,0.198664484410429,0.22271341096709,6.86550803668375,5.99332242205214
"26","Yemen","YEM","Yemen","High-Intensity Conflict",0,7,0,0,0,0,0,0,0,"Not Fragile",0,"YEM",36518,1.26321050998283,"Fragile",3625716,1.42379318160516,"Fragile",10,10,Jun 2021,1203,7.09340462586877,4296,8.365672383775,-1.09349484270339,0.336209314410435,8.73331553515165,0
"27","Armenia","ARM","Armenia","High-Intensity Conflict",0,7,0,0,0,0,0,0,0,"Not Fragile",0,"ARM",10962,-0.315520370282834,"Not Fragile",0,0,"Not Fragile",0,0,Jun 2021,0,0,1,0.693147180559945,-0.194380817838337,0.826680604932666,0.853838032637848,0
"28","Cameroon","CMR","Cameroon","Medium-Intensity conflict",10,7,0,0,0,0,0,0,0,"Not Fragile",0,"CMR",66305,1.67813660179826,"Fragile",950263,1.60195564922123,"Fragile",10,10,Jun 2021,68,4.23410650459726,276,5.62401750618734,-1.22646302999423,0.282249772165267,5.97018641697233,0
"29","Colombia","COL","Colombia",NA,0,7,0,0,0,0,0,0,0,"Not Fragile",0,"COL",189448,-0.706126498792975,"Not Fragile",7976412,0.925617165531393,"Not Fragile",0,9.25617165531393,Jun 2021,128,4.85981240436167,400,5.99396142730657,2.64154870777317,0.242875396950472,5.35239423634215,10
"30","Congo DR","COD","Congo DR","Medium-Intensity conflict",10,7,0,0,0,0,0,0,0,"Not Fragile",0,"COD",807374,1.56403886099755,"Fragile",5014253,1.14180648423752,"Fragile",10,10,Jun 2021,433,6.07304453410041,1254,7.13489085156588,0.41966143533797,0.383042653482051,6.97414262180994,7.09830717668985
"31","Grenada","GRD","Grenada",NA,0,7,0,0,0,0,0,0,0,"Not Fragile",0,"GRD",80,-0.774242454443631,"Not Fragile",0,0,"Not Fragile",0,0,NA,NA,NA,NA,NA,NA,NA,NA,NA
"32","Guinea","GIN","Guinea",NA,0,7,0,0,0,0,0,0,0,"Not Fragile",0,"GIN",26857,1.53945835226344,"Fragile",0,0,"Not Fragile",10,0,Jun 2021,4,1.6094379124341,13,2.63905732961526,0.0153992596622948,0.854729499094299,2.62589512811768,5.07699629831147
"33","Iran","IRN","Iran",NA,0,7,0,0,0,0,0,0,0,"Not Fragile",0,"IRN",129676,1.04474648784747,"Fragile",0,0,"Not Fragile",10,0,Jun 2021,24,3.2188758248682,74,4.31748811353631,0.47563394046831,1.02143506011172,3.83165893096289,7.37816970234155
"34","Kenya","KEN","Kenya",NA,0,7,0,0,0,0,0,0,0,"Not Fragile",0,"KEN",8018,0.435541427883199,"Not Fragile",0,0,"Not Fragile",4.35541427883199,0,Jun 2021,62,4.14313472639153,104,4.65396035015752,0.872180857279266,0.453632141257454,4.25831108030617,9.36090428639633
"35","Malawi","MWI","Malawi",NA,0,7,0,0,0,0,0,0,0,"Not Fragile",0,"MWI",606,1.82232714257596,"Fragile",0,0,"Not Fragile",10,0,Jun 2021,0,0,5,1.79175946922805,-0.213493524285802,0.864726678806313,1.97637301543037,0
"36","Mali","MLI","Mali","Medium-Intensity conflict",10,7,0,0,0,0,1,0,1,"Fragile",10,"MLI",164461,1.24660321795105,"Fragile",207751,1.74960087178116,"Fragile",10,10,Jun 2021,106,4.67282883446191,466,6.1463292576689,-0.358468726855633,0.315735478709594,6.25951055274508,3.20765636572183
"37","Montenegro","MNE","Montenegro",NA,0,7,0,0,0,0,0,0,0,"Not Fragile",0,"MNE",659,-0.30646975535114,"Not Fragile",0,0,"Not Fragile",0,0,Jun 2021,0,0,0,0,-0.164398987305357,0.113952694537619,0.0187337075827012,0
"38","Nigeria","NGA","Nigeria","Medium-Intensity conflict",10,7,0,0,0,0,0,0,0,"Not Fragile",0,"NGA",295569,1.04268911025947,"Fragile",2195779,0.609947170799869,"Not Fragile",10,6.09947170799869,Jun 2021,870,6.7696419768525,2651,7.88306935130575,1.33415728173573,0.359204347018785,7.40383425609951,10
"39","Papua New Guinea","PNG","Papua New Guinea","High-Institutional and Social Fragility",10,7,0,0,0,0,0,0,0,"Not Fragile",0,"PNG",475,1.2939952073631,"Fragile",0,0,"Not Fragile",10,0,NA,NA,NA,NA,NA,NA,NA,NA,NA
"40","Romania","ROU","Romania",NA,0,7,0,0,0,0,0,0,0,"Not Fragile",0,"ROU",1352,-0.233097320374134,"Not Fragile",0,0,"Not Fragile",0,0,NA,NA,NA,NA,NA,NA,NA,NA,NA
"41","South Africa","ZAF","South Africa",NA,0,7,0,0,0,0,0,0,0,"Not Fragile",0,"ZAF",441,-0.489367958060598,"Not Fragile",0,0,"Not Fragile",0,0,Jun 2021,9,2.30258509299405,64,4.17438726989564,1.31837245078043,0.371145477522995,3.68507929709757,10
"42","Tajikistan","TJK","Tajikistan",NA,0,7,0,0,0,0,0,0,0,"Not Fragile",0,"TJK",1987,1.42161577602132,"Fragile",0,0,"Not Fragile",10,0,Jun 2021,0,0,19,2.99573227355399,0.787986016422442,1.41456466065823,1.88107510162995,8.93993008211221
"43","Zambia","ZMB","Zambia",NA,0,7,0,0,0,0,1,0,0,"Not Fragile",0,"ZMB",261,-0.615224459448262,"Not Fragile",0,0,"Not Fragile",0,0,Jun 2021,2,1.09861228866811,3,1.38629436111989,-0.228468965169668,0.768941023657368,1.56197352107139,0
"44","Albania","ALB","Albania",NA,0,7,0,0,0,0,0,0,0,"Not Fragile",0,"ALB",15027,1.5541571734092,"Fragile",0,0,"Not Fragile",10,0,Jun 2021,0,0,1,0.693147180559945,2.27881163243923,0.256143544549047,0.10944429166736,5
"45","Antigua and Barbuda","ATG","Antigua and Barbuda",NA,0,7,0,0,0,0,0,0,0,"Not Fragile",0,"ATG",117,1.17174560191597,"Fragile",0,0,"Not Fragile",10,0,Jun 2021,0,0,0,0,-0.370006434950477,0.234167272203225,0.0866433975699932,0
"46","Argentina","ARG","Argentina",NA,0,7,0,0,0,0,0,0,0,"Not Fragile",0,"ARG",99,-0.732713904183309,"Not Fragile",0,0,"Not Fragile",0,0,Jun 2021,2,1.09861228866811,2,1.09861228866811,-0.859468084546263,0.640407767149893,1.64902232562898,0
"47","Barbados","BRB","Barbados",NA,0,7,0,0,0,0,0,0,0,"Not Fragile",0,"BRB",243,1.34088870175738,"Fragile",0,0,"Not Fragile",10,0,NA,NA,NA,NA,NA,NA,NA,NA,NA
"48","Bolivia","BOL","Bolivia",NA,0,7,0,0,0,0,0,0,0,"Not Fragile",0,"BOL",514,-0.6732111256455,"Not Fragile",0,0,"Not Fragile",0,0,Jun 2021,0,0,0,0,-1.10207591177748,0.888887491388997,0.979621492540128,0
"49","Burkina Faso","BFA","Burkina Faso","Medium-Intensity conflict",10,7,0,0,0,0,0,0,0,"Not Fragile",0,"BFA",11733,1.31831772262101,"Fragile",560033,2.03427826532239,"Fragile",10,10,Jun 2021,376,5.93224518744801,679,6.52209279817015,0.762499257218616,1.05734214316219,5.71587019938304,8.81249628609308
"50","Dominica","DMA","Dominica",NA,0,7,0,0,0,0,0,0,0,"Not Fragile",0,"DMA",50,1.59956569126811,"Fragile",0,0,"Not Fragile",10,0,Jun 2021,0,0,0,0,-0.421463615211762,0.25967672586012,0.10944429166736,0
"51","Egypt","EGY","Egypt",NA,0,7,0,0,0,0,0,0,0,"Not Fragile",0,"EGY",27506,1.41624140077697,"Fragile",0,0,"Not Fragile",10,0,Jun 2021,9,2.30258509299405,51,3.95124371858143,-2.68034813604032,0.473207833636109,5.21960545342765,0
"52","El Salvador","SLV","El Salvador",NA,0,7,0,0,0,0,0,0,0,"Not Fragile",0,"SLV",41850,1.51927279010678,"Fragile",71500,0.912862417558222,"Not Fragile",10,9.12862417558222,Jun 2021,21,3.09104245335832,89,4.49980967033027,-0.827184765250435,0.509116563188641,4.92094313513657,0.864076173747826
"53","Eritrea","ERI","Eritrea","High-Institutional and Social Fragility",10,7,0,0,0,0,0,0,0,"Not Fragile",0,"ERI",505118,0.871716142264191,"Not Fragile",0,0,"Not Fragile",8.71716142264191,0,NA,NA,NA,NA,NA,NA,NA,NA,NA
"54","Georgia","GEO","Georgia",NA,0,7,0,0,0,0,0,0,0,"Not Fragile",0,"GEO",7519,1.78804356036889,"Fragile",286216,1.24713885560134,"Fragile",10,10,Jun 2021,0,0,0,0,-0.769471169075111,0.397183344513671,0.305621132440097,0
"55","Guatemala","GTM","Guatemala",NA,0,7,0,0,0,0,0,0,0,"Not Fragile",0,"GTM",22770,1.4029439640076,"Fragile",0,0,"Not Fragile",10,0,Jun 2021,28,3.36729582998647,65,4.18965474202643,-1.4414480578784,0.597144790940746,5.05040794120016,0
"56","Lesotho","LSO","Lesotho",NA,0,7,0,0,0,0,0,0,0,"Not Fragile",0,"LSO",6,-0.596670578370261,"Not Fragile",0,0,"Not Fragile",0,0,Jun 2021,2,1.09861228866811,4,1.6094379124341,1.5676777524337,0.498081825131391,0.828606116284046,5
"57","Mauritius","MUS","Mauritius",NA,0,7,0,0,0,0,0,0,0,"Not Fragile",0,"MUS",178,1.48921772775335,"Fragile",0,0,"Not Fragile",10,0,NA,NA,NA,NA,NA,NA,NA,NA,NA
"58","Myanmar","MMR","Myanmar","Medium-Intensity conflict",10,7,0,0,0,0,0,0,0,"Not Fragile",0,"MMR",1078268,0.774765179393668,"Not Fragile",312018,-1.34792677341101,"Not Fragile",7.74765179393668,0,Jun 2021,699,6.5510803350434,2014,7.60837447438078,2.27056403688341,1.01483984580499,5.30411561729968,10
"59","Pakistan","PAK","Pakistan",NA,0,7,0,0,0,0,0,0,0,"Not Fragile",0,"PAK",137190,-0.52438828070465,"Not Fragile",100680,-0.80775647078577,"Not Fragile",0,0,Jun 2021,115,4.75359019110636,361,5.89164421182577,1.09486098683896,0.289673990233471,5.57449146101717,10
"60","Seychelles","SYC","Seychelles",NA,0,7,0,0,0,0,0,0,0,"Not Fragile",0,"SYC",15,-0.0655403131366347,"Not Fragile",0,0,"Not Fragile",0,0,NA,NA,NA,NA,NA,NA,NA,NA,NA
"61","Spain","ESP","Spain",NA,0,7,0,0,0,0,0,0,0,"Not Fragile",0,"ESP",51,0.248164935593026,"Not Fragile",0,0,"Not Fragile",2.48164935593026,0,Jun 2021,0,0,0,0,-0.465130254709532,0.279416561359036,0.12996509635499,0
"62","Suriname","SUR","Suriname",NA,0,7,0,0,0,0,0,0,0,"Not Fragile",0,"SUR",17,-0.456435464587638,"Not Fragile",0,0,"Not Fragile",0,0,Jun 2021,0,0,0,0,-0.615650811264372,0.585591792686352,0.360520062237111,0
"63","Syria","SYR","Syria","High-Intensity Conflict",0,7,0,0,0,0,0,0,0,"Not Fragile",0,"SYR",6616983,0.880037692542316,"Not Fragile",6146994,-0.612761714665747,"Not Fragile",8.80037692542316,0,Jun 2021,431,6.06842558824411,1231,7.11639414409346,-1.69559355421584,0.539167439853889,8.03060297975277,0
"64","Timor-Leste","TLS","Timor-Leste","High-Institutional and Social Fragility",10,7,0,0,0,0,0,0,0,"Not Fragile",0,"TLS",17,0.467382714637317,"Not Fragile",0,0,"Not Fragile",4.67382714637317,0,NA,NA,NA,NA,NA,NA,NA,NA,NA
"65","Trinidad and Tobago","TTO","Trinidad and Tobago",NA,0,7,0,0,0,0,0,0,0,"Not Fragile",0,"TTO",307,-0.674458147041217,"Not Fragile",0,0,"Not Fragile",0,0,Jun 2021,10,2.39789527279837,34,3.55534806148941,-0.641031945834099,0.346781728826033,3.77764622789848,1.7948402708295
"66","Tunisia","TUN","Tunisia",NA,0,7,0,0,0,0,0,0,0,"Not Fragile",0,"TUN",2068,1.2806501226167,"Fragile",0,0,"Not Fragile",10,0,Jun 2021,2,1.09861228866811,12,2.56494935746154,1.01616643588363,0.648060614742836,1.90641191234176,10
"67","Uganda","UGA","Uganda",NA,0,7,0,0,0,0,0,0,0,"Not Fragile",0,"UGA",7479,1.34761456825745,"Fragile",0,0,"Not Fragile",10,0,Jun 2021,38,3.66356164612965,102,4.63472898822964,1.40279227271446,0.477252863164444,3.9652423596517,10
"68","Venezuela","VEN","Venezuela","High-Institutional and Social Fragility",10,7,0,0,0,0,0,0,0,"Not Fragile",0,"VEN",93280,2.01712209896068,"Fragile",0,0,"Not Fragile",10,0,Jun 2021,13,2.63905732961526,66,4.20469261939097,-1.25742061008663,0.646799832099928,5.01799205887399,0
"69","Angola","AGO","Angola",NA,0,7,0,0,0,0,0,0,0,"Not Fragile",0,"AGO",8178,-0.617038747364037,"Not Fragile",0,0,"Not Fragile",0,0,Jun 2021,0,0,6,1.94591014905531,-0.342264996078521,0.862940720139223,2.24126455124976,3.28867501960739
"70","Bahamas","BHS","Bahamas",NA,0,7,0,0,0,0,0,0,0,"Not Fragile",0,"BHS",501,1.41129141023489,"Fragile",0,0,"Not Fragile",10,0,Jun 2021,0,0,0,0,-0.495404072215703,0.529257677933568,0.262196408899717,0
"71","Belize","BLZ","Belize",NA,0,7,0,0,0,0,0,0,0,"Not Fragile",0,"BLZ",73,1.18647523454624,"Fragile",0,0,"Not Fragile",10,0,Jun 2021,1,0.693147180559945,15,2.77258872223978,0.582573147880173,0.32883548224796,2.58101800021189,7.91286573940087
"72","Bosnia and Herzegovina","BIH","Bosnia and Herzegovina",NA,0,7,0,0,0,0,0,0,0,"Not Fragile",0,"BIH",16556,-0.93335677026282,"Not Fragile",96421,0.169529125743,"Not Fragile",0,1.69529125743,Jun 2021,0,0,0,0,-0.427277181082356,0.256143544549047,0.10944429166736,0
"73","Botswana","BWA","Botswana",NA,0,7,0,0,0,0,0,0,0,"Not Fragile",0,"BWA",228,-1.25822114835879,"Not Fragile",0,0,"Not Fragile",0,0,NA,NA,NA,NA,NA,NA,NA,NA,NA
"74","Brunei Darussalam","BRN","Brunei Darussalam",NA,0,7,0,0,0,0,0,0,0,"Not Fragile",0,NA,NA,NA,NA,NA,NA,NA,NA,NA,NA,NA,NA,NA,NA,NA,NA,NA,NA
"75","Bulgaria","BGR","Bulgaria",NA,0,7,0,0,0,0,0,0,0,"Not Fragile",0,"BGR",561,-0.871231881878731,"Not Fragile",0,0,"Not Fragile",0,0,Jun 2021,0,0,0,0,NA,0,0,0
"76","Cyprus","CYP","Cyprus",NA,0,7,0,0,0,0,0,0,0,"Not Fragile",0,NA,NA,NA,NA,NA,NA,NA,NA,NA,Jun 2021,0,0,0,0,-0.427277181082356,0.256143544549047,0.10944429166736,0
"77","Djibouti","DJI","Djibouti",NA,0,7,0,0,0,0,0,0,0,"Not Fragile",0,"DJI",2351,1.28112525334595,"Fragile",0,0,"Not Fragile",10,0,NA,NA,NA,NA,NA,NA,NA,NA,NA
"78","Ecuador","ECU","Ecuador",NA,0,7,0,0,0,0,0,0,0,"Not Fragile",0,"ECU",1652,1.47770974926607,"Fragile",0,0,"Not Fragile",10,0,Jun 2021,1,0.693147180559945,1,0.693147180559945,-0.814529346823539,0.791528454115873,1.33787033528319,0
"79","Equatorial Guinea","GNQ","Equatorial Guinea",NA,0,7,0,0,0,0,0,0,0,"Not Fragile",0,"GNQ",156,0.775242974459673,"Not Fragile",0,0,"Not Fragile",7.75242974459673,0,NA,NA,NA,NA,NA,NA,NA,NA,NA
"80","Fiji","FJI","Fiji",NA,0,7,0,0,0,0,0,0,0,"Not Fragile",0,"FJI",591,-1.3858298566824,"Not Fragile",0,0,"Not Fragile",0,0,NA,NA,NA,NA,NA,NA,NA,NA,NA
"81","Greece","GRC","Greece",NA,0,7,0,0,0,0,0,0,0,"Not Fragile",0,"GRC",95,-1.68105349713061,"Not Fragile",0,0,"Not Fragile",0,0,Jun 2021,0,0,1,0.693147180559945,-0.150324837978114,0.592852536726055,0.782267642088204,0
"82","Guyana","GUY","Guyana",NA,0,7,0,0,0,0,0,0,0,"Not Fragile",0,"GUY",284,-0.552100403420243,"Not Fragile",0,0,"Not Fragile",0,0,Jun 2021,0,0,0,0,-0.678251894892482,0.496225298915091,0.336565749282749,0
"83","Hungary","HUN","Hungary",NA,0,7,0,0,0,0,0,0,0,"Not Fragile",0,"HUN",4007,0.992320167941583,"Not Fragile",0,0,"Not Fragile",9.92320167941583,0,Jun 2021,0,0,0,0,NA,0,0,0
"84","Kazakhstan","KAZ","Kazakhstan",NA,0,7,0,0,0,0,0,0,0,"Not Fragile",0,"KAZ",2757,1.71167967944843,"Fragile",0,0,"Not Fragile",10,0,Jun 2021,1,0.693147180559945,1,0.693147180559945,0.0649419508685185,0.887928658398564,0.635483361251476,0
"85","Malaysia","MYS","Malaysia",NA,0,7,0,0,0,0,0,0,0,"Not Fragile",0,"MYS",1154,1.77301519619803,"Fragile",0,0,"Not Fragile",10,0,Jun 2021,0,0,6,1.94591014905531,1.44069456657626,0.672350098141148,0.977259015826345,10
"86","Nicaragua","NIC","Nicaragua",NA,0,7,0,0,0,0,1,0,0,"Not Fragile",0,"NIC",4376,2.03465121740807,"Fragile",0,0,"Not Fragile",10,0,Jun 2021,1,0.693147180559945,2,1.09861228866811,-0.62932422528198,1.38116266906089,1.96781141536324,0
"87","Oman","OMN","Oman",NA,0,7,0,0,0,0,0,0,0,"Not Fragile",0,"OMN",42,0.866383487489542,"Not Fragile",0,0,"Not Fragile",8.66383487489542,0,NA,NA,NA,NA,NA,NA,NA,NA,NA
"88","Palau","PLW","Palau",NA,0,7,0,0,0,0,0,0,0,"Not Fragile",0,NA,NA,NA,NA,NA,NA,NA,NA,NA,NA,NA,NA,NA,NA,NA,NA,NA,NA
"89","Poland","POL","Poland",NA,0,7,0,0,0,0,0,0,0,"Not Fragile",0,"POL",961,-1.4747183103608,"Not Fragile",0,0,"Not Fragile",0,0,Jun 2021,0,0,0,0,NA,0,0,0
"90","Saint Lucia","LCA","Saint Lucia",NA,0,7,0,0,0,0,1,0,0,"Not Fragile",0,"LCA",843,-1.74813722035203,"Not Fragile",0,0,"Not Fragile",0,0,Jun 2021,0,0,0,0,NA,0,0,0
"91","Solomon Islands","SLB","Solomon Islands","High-Institutional and Social Fragility",10,7,0,0,0,0,0,0,0,"Not Fragile",0,"SLB",27,-1.3886035456399,"Not Fragile",0,0,"Not Fragile",0,0,NA,NA,NA,NA,NA,NA,NA,NA,NA
"92","United Arab Emirates","ARE","United Arab Emirates",NA,0,7,0,0,0,0,0,0,0,"Not Fragile",0,"ARE",155,0.898169874732925,"Not Fragile",0,0,"Not Fragile",8.98169874732925,0,NA,NA,NA,NA,NA,NA,NA,NA,NA
"93","Azerbaijan","AZE","Azerbaijan","High-Intensity Conflict",0,7,0,0,0,0,0,0,0,"Not Fragile",0,"AZE",11626,1.31975423062987,"Fragile",652326,1.96547414660409,"Fragile",10,10,Jun 2021,5,1.79175946922805,7,2.07944154167984,-0.292019662452086,2.20008038653238,2.72190827352248,3.53990168773957
"94","Bahrain","BHR","Bahrain",NA,0,7,0,0,0,0,0,0,0,"Not Fragile",0,"BHR",557,1.09471273112377,"Fragile",0,0,"Not Fragile",10,0,Jun 2021,0,0,0,0,-0.288892102032128,0.189420705684762,0.0547221458336799,0
"95","Bangladesh","BGD","Bangladesh",NA,0,7,0,0,0,0,0,0,0,"Not Fragile",0,"BGD",22880,1.36000609956614,"Fragile",0,0,"Not Fragile",10,0,Jun 2021,22,3.13549421592915,94,4.55387689160054,0.509944014409628,0.390894798555828,4.35454242881314,7.54972007204814
"96","Bhutan","BTN","Bhutan",NA,0,7,0,0,0,0,0,0,0,"Not Fragile",0,"BTN",6980,-0.813753156882143,"Not Fragile",0,0,"Not Fragile",0,0,NA,NA,NA,NA,NA,NA,NA,NA,NA
"97","Burundi","BDI","Burundi","Medium-Intensity conflict",10,7,0,0,0,0,0,0,0,"Not Fragile",0,"BDI",381508,0.37781423106537,"Not Fragile",33256,-0.636472683801084,"Not Fragile",3.7781423106537,0,Jun 2021,49,3.91202300542815,113,4.7361984483945,1.21204436212783,0.333908306931677,4.33148676751031,10
"98","Cambodia","KHM","Cambodia",NA,0,7,0,0,0,0,0,0,0,"Not Fragile",0,"KHM",11986,-1.10204787482401,"Not Fragile",0,0,"Not Fragile",0,0,Jun 2021,0,0,3,1.38629436111989,0.765401852845452,0.582739235986664,0.940264670169955,0
"99","China","CHN","China",NA,0,7,0,0,0,0,0,0,0,"Not Fragile",0,"CHN",212863,0.907825286433064,"Not Fragile",0,0,"Not Fragile",9.07825286433064,0,Jun 2021,0,0,3,1.38629436111989,-0.24688408317324,0.66061754309754,1.54939031757568,0
"100","Comoros","COM","Comoros","High-Institutional and Social Fragility",10,7,0,0,0,0,0,0,0,"Not Fragile",0,"COM",658,1.55798165441779,"Fragile",0,0,"Not Fragile",10,0,NA,NA,NA,NA,NA,NA,NA,NA,NA
"101","Congo","COG","Congo","High-Institutional and Social Fragility",10,7,0,0,0,0,0,0,0,"Not Fragile",0,"COG",13481,-0.44897588781665,"Not Fragile",134430,1.0122623397775,"Fragile",0,10,Jun 2021,0,0,0,0,-0.575103710753842,1.1136118673348,0.640442317243757,0
"102","France","FRA","France",NA,0,7,0,0,0,0,0,0,0,"Not Fragile",0,"FRA",50,-0.812736347605696,"Not Fragile",0,0,"Not Fragile",0,0,Jun 2021,0,0,4,1.6094379124341,0.902060793648758,0.776431165498098,0.909049799071256,0
"103","Gabon","GAB","Gabon",NA,0,7,0,0,0,0,0,0,0,"Not Fragile",0,"GAB",440,1.66103162772271,"Fragile",0,0,"Not Fragile",10,0,Jun 2021,0,0,1,0.693147180559945,0.269710617503178,0.623416902218067,0.525005022900792,0
"104","Gambia","GMB","Gambia",NA,0,7,0,0,0,0,1,0,0,"Not Fragile",0,"GMB",17813,1.06338662775506,"Fragile",0,0,"Not Fragile",10,0,Jun 2021,0,0,0,0,-0.801233616769775,0.576733315604349,0.462098120373297,0
"105","Germany","DEU","Germany",NA,0,7,0,0,0,0,1,0,0,"Not Fragile",0,"DEU",69,-0.575563163604791,"Not Fragile",0,0,"Not Fragile",0,0,Jun 2021,3,1.38629436111989,3,1.38629436111989,0.880192182679773,0.866201512516277,0.623870561177668,0
"106","Kiribati","KIR","Kiribati","High-Institutional and Social Fragility",10,7,0,0,0,0,0,0,0,"Not Fragile",0,NA,NA,NA,NA,NA,NA,NA,NA,NA,NA,NA,NA,NA,NA,NA,NA,NA,NA
"107","Korea DPR","PRK","Korea DPR",NA,0,7,0,0,0,0,0,0,0,"Not Fragile",0,"PRK",758,-1.24899074549924,"Not Fragile",0,0,"Not Fragile",0,0,Jun 2021,2,1.09861228866811,7,2.07944154167984,1.14696534868941,1.01885213607413,0.910853446164621,10
"108","Kuwait","KWT","Kuwait",NA,0,7,0,0,0,0,0,0,0,"Not Fragile",0,"KWT",1300,1.39386697607858,"Fragile",0,0,"Not Fragile",10,0,Jun 2021,0,0,0,0,-0.421463615211762,0.25967672586012,0.10944429166736,0
"109","Luxembourg","LUX","Luxembourg",NA,0,7,0,0,0,0,0,0,0,"Not Fragile",0,"LUX",5,NA,NA,0,NA,NA,NA,NA,Jun 2021,0,0,0,0,NA,0,0,0
"110","Madagascar","MDG","Madagascar",NA,0,7,0,0,0,0,0,0,0,"Not Fragile",0,"MDG",298,0.981126590930235,"Not Fragile",0,0,"Not Fragile",9.81126590930235,0,Jun 2021,41,3.73766961828337,98,4.59511985013459,0.812876615043781,0.514241360298419,4.1771050738597,9.0643830752189
"111","Malta","MLT","Malta",NA,0,7,0,0,0,0,0,0,0,"Not Fragile",0,"MLT",5,NA,NA,0,0,"Not Fragile",NA,0,Jun 2021,0,0,0,0,NA,0,0,0
"112","Mexico","MEX","Mexico",NA,0,7,0,0,0,0,0,0,0,"Not Fragile",0,"MEX",14621,1.70312630325898,"Fragile",0,0,"Not Fragile",10,0,Jun 2021,771,6.64898455002478,2145,7.67136092319064,-0.502792229076853,0.102925413705708,7.72311102137639,2.48603885461573
"113","Micronesia","FSM","Micronesia","High-Institutional and Social Fragility",10,NA,NA,NA,NA,NA,NA,NA,NA,NA,NA,NA,NA,NA,NA,NA,NA,NA,NA,NA,NA,NA,NA,NA,NA,NA,NA,NA,NA
"114","Moldova Republic of","MDA","Moldova Republic of",NA,0,7,0,0,0,0,1,0,0,"Not Fragile",0,"MDA",2427,1.30853749149126,"Fragile",0,0,"Not Fragile",10,0,Jun 2021,0,0,0,0,NA,0,0,0
"115","Mongolia","MNG","Mongolia",NA,0,7,0,0,0,0,0,0,0,"Not Fragile",0,"MNG",2364,1.65648617260322,"Fragile",0,0,"Not Fragile",10,0,Jun 2021,0,0,0,0,-0.288892102032128,0.189420705684762,0.0547221458336799,0
"116","Morocco","MAR","Morocco",NA,0,7,0,0,0,0,0,0,0,"Not Fragile",0,"MAR",4637,1.4447580601018,"Fragile",0,0,"Not Fragile",10,0,Jun 2021,0,0,8,2.19722457733622,1.7842305856241,0.747414000011257,0.863665658392484,10
"117","Nauru","NRU","Nauru",NA,0,7,0,0,0,0,0,0,0,"Not Fragile",0,NA,NA,NA,NA,NA,NA,NA,NA,NA,NA,NA,NA,NA,NA,NA,NA,NA,NA
"118","Panama","PAN","Panama",NA,0,7,0,0,0,0,0,0,0,"Not Fragile",0,"PAN",45,-0.291704337531101,"Not Fragile",0,0,"Not Fragile",0,0,Jun 2021,0,0,1,0.693147180559945,0.504742148167489,0.442522209468212,0.469787569941136,0
"119","Rwanda","RWA","Rwanda",NA,0,7,0,0,0,0,0,0,0,"Not Fragile",0,"RWA",246698,0.160986519246742,"Not Fragile",0,0,"Not Fragile",1.60986519246742,0,NA,NA,NA,NA,NA,NA,NA,NA,NA
"120","Samoa","WSM","Samoa",NA,0,7,0,0,0,0,0,0,0,"Not Fragile",0,NA,NA,NA,NA,NA,NA,NA,NA,NA,NA,NA,NA,NA,NA,NA,NA,NA,NA
"121","Sao Tome and Principe","STP","Sao Tome and Principe",NA,0,7,0,0,0,0,1,0,0,"Not Fragile",0,"STP",28,-0.0485872170243174,"Not Fragile",0,0,"Not Fragile",0,0,NA,NA,NA,NA,NA,NA,NA,NA,NA
"122","Saudi Arabia","SAU","Saudi Arabia",NA,0,7,0,0,0,0,0,0,0,"Not Fragile",0,"SAU",1762,1.41318624673659,"Fragile",0,0,"Not Fragile",10,0,Jun 2021,0,0,0,0,-1.62653592406647,2.29287550302758,3.72944437508634,0
"123","Senegal","SEN","Senegal",NA,0,7,0,0,0,0,0,0,0,"Not Fragile",0,"SEN",17203,-1.25905014328262,"Not Fragile",0,0,"Not Fragile",0,0,Jun 2021,0,0,5,1.79175946922805,0.978705007093135,0.869577635231177,0.940699483571095,0
"124","Sierra Leone","SLE","Sierra Leone",NA,0,7,0,0,0,0,0,0,0,"Not Fragile",0,"SLE",5268,1.53153181802356,"Fragile",0,0,"Not Fragile",10,0,Jun 2021,0,0,1,0.693147180559945,-0.477459518441697,1.03965138532194,1.189538630343,0
"125","Tanzania","TZA","Tanzania",NA,0,7,0,0,0,0,0,0,0,"Not Fragile",0,"TZA",849,0.960022300727691,"Not Fragile",0,0,"Not Fragile",9.60022300727691,0,Jun 2021,0,0,5,1.79175946922805,-0.0883071428312479,1.01692552541868,1.88156125684994,0
"126","Togo","TGO","Togo",NA,0,7,0,0,0,0,0,0,0,"Not Fragile",0,"TGO",8022,-0.785466331025076,"Not Fragile",0,0,"Not Fragile",0,0,Jun 2021,1,0.693147180559945,1,0.693147180559945,-0.451922138786489,0.71395372985102,1.01579867714881,0
"127","Turkey","TUR","Turkey",NA,0,7,0,0,0,0,0,0,0,"Not Fragile",0,"TUR",83271,1.86212507300506,"Fragile",0,0,"Not Fragile",10,0,Jun 2021,32,3.49650756146648,90,4.51085950651685,-0.581924531290227,1.01854345093469,5.10357492680075,2.09037734354887
"128","Turkmenistan","TKM","Turkmenistan",NA,0,7,0,0,0,0,0,0,0,"Not Fragile",0,"TKM",478,0.9334301635647,"Not Fragile",0,0,"Not Fragile",9.33430163564701,0,NA,NA,NA,NA,NA,NA,NA,NA,NA
"129","Tuvalu","TUV","Tuvalu","High-Institutional and Social Fragility",10,7,0,0,0,0,0,0,0,"Not Fragile",0,NA,NA,NA,NA,NA,NA,NA,NA,NA,NA,NA,NA,NA,NA,NA,NA,NA,NA
"130","Uzbekistan","UZB","Uzbekistan",NA,0,7,0,0,0,0,1,0,0,"Not Fragile",0,"UZB",3217,-0.919359957850771,"Not Fragile",0,0,"Not Fragile",0,0,Jun 2021,1,0.693147180559945,1,0.693147180559945,0.518261780096042,0.448608668078648,0.460650453674991,0
"131","Vanuatu","VUT","Vanuatu",NA,0,7,0,0,0,0,0,0,0,"Not Fragile",0,NA,NA,NA,NA,NA,NA,NA,NA,NA,NA,NA,NA,NA,NA,NA,NA,NA,NA
"132","Australia","AUS","Australia",NA,0,7,0,0,0,0,0,0,0,"Not Fragile",0,"AUS",20,0.420658080477572,"Not Fragile",0,0,"Not Fragile",4.20658080477572,0,NA,NA,NA,NA,NA,NA,NA,NA,NA
"133","Austria","AUT","Austria",NA,0,7,0,0,0,0,0,0,0,"Not Fragile",0,"AUT",18,0.445304527496819,"Not Fragile",0,0,"Not Fragile",4.4530452749682,0,Jun 2021,0,0,0,0,-0.654592873405322,0.711770652820343,0.46591999683525,0
"134","Belgium","BEL","Belgium",NA,0,7,0,0,0,0,0,0,0,"Not Fragile",0,"BEL",34,-1.2982877324458,"Not Fragile",0,0,"Not Fragile",0,0,Jun 2021,0,0,1,0.693147180559945,1.13300001028761,0.41410171460399,0.223969933653507,5
"135","Chile","CHL","Chile",NA,0,7,0,0,0,0,1,0,0,"Not Fragile",0,"CHL",486,-0.690088098351043,"Not Fragile",0,0,"Not Fragile",0,0,Jun 2021,0,0,2,1.09861228866811,-0.522027782413116,0.848477692926105,1.54154121713332,0
"136","Cuba","CUB","Cuba",NA,0,7,0,0,0,0,0,0,0,"Not Fragile",0,"CUB",6631,0.410021762404182,"Not Fragile",0,0,"Not Fragile",4.10021762404182,0,Jun 2021,0,0,0,0,-0.731674145131987,0.438979401065041,0.321189878004816,0
"137","Czech Republic","CZE","Czech Republic",NA,0,7,0,0,0,0,1,0,0,"Not Fragile",0,"CZE",1166,-1.73827650332547,"Not Fragile",0,0,"Not Fragile",0,0,Jun 2021,1,0.693147180559945,1,0.693147180559945,3.75,0.173286795139986,0.0433216987849966,5
"138","Dominican Republic","DOM","Dominican Republic",NA,0,7,0,0,0,0,0,0,0,"Not Fragile",0,"DOM",546,1.62535555331188,"Fragile",0,0,"Not Fragile",10,0,Jun 2021,0,0,0,0,-1.53679699845102,0.706854582760219,1.08629200112725,0
"139","Estonia","EST","Estonia",NA,0,7,0,0,0,0,0,0,0,"Not Fragile",0,"EST",269,-1.18120074792611,"Not Fragile",0,0,"Not Fragile",0,0,Jun 2021,0,0,0,0,NA,0,0,0
"140","Iceland","ISL","Iceland",NA,0,7,0,0,0,0,1,0,0,"Not Fragile",0,"ISL",5,NA,NA,0,0,"Not Fragile",NA,0,Jun 2021,0,0,0,0,-0.526234811584218,0.607930293270157,0.319914083335359,0
"141","India","IND","India",NA,0,7,0,0,0,0,0,0,0,"Not Fragile",0,"IND",11979,1.44499529659935,"Fragile",0,0,"Not Fragile",10,0,Jun 2021,74,4.31748811353631,298,5.70044357339069,-0.621148819131017,0.331571563732183,5.90639885866036,1.89425590434492
"142","Ireland","IRL","Ireland",NA,0,7,0,0,0,0,0,0,0,"Not Fragile",0,NA,NA,NA,NA,NA,NA,NA,NA,NA,Jun 2021,0,0,0,0,NA,0,0,0
"143","Israel","ISR","Israel",NA,0,7,0,0,0,0,0,0,0,"Not Fragile",0,"ISR",452,-0.727804036068861,"Not Fragile",0,0,"Not Fragile",0,0,Jun 2021,0,0,15,2.77258872223978,2.32520102344537,0.86461035083188,0.762195849604034,10
"144","Italy","ITA","Italy",NA,0,7,0,0,0,0,0,0,0,"Not Fragile",0,"ITA",76,1.23058397420197,"Fragile",0,0,"Not Fragile",10,0,Jun 2021,1,0.693147180559945,1,0.693147180559945,3.75,0.173286795139986,0.0433216987849966,5
"145","Japan","JPN","Japan",NA,0,7,0,0,0,0,1,0,0,"Not Fragile",0,"JPN",39,-0.647047407709208,"Not Fragile",0,0,"Not Fragile",0,0,Jun 2021,0,0,0,0,NA,0,0,0
"146","Jordan","JOR","Jordan",NA,0,7,0,0,0,0,0,0,0,"Not Fragile",0,"JOR",2384,1.07984489293958,"Fragile",0,0,"Not Fragile",10,0,Jun 2021,0,0,0,0,-0.821198156350346,0.757928010879686,0.622409085180682,0
"147","Latvia","LVA","Latvia",NA,0,7,0,0,0,0,0,0,0,"Not Fragile",0,"LVA",144,-1.0960069245997,"Not Fragile",0,0,"Not Fragile",0,0,Jun 2021,0,0,0,0,NA,0,0,0
"148","Liberia","LBR","Liberia",NA,0,7,0,0,0,0,0,0,0,"Not Fragile",0,"LBR",5375,-0.750957565241001,"Not Fragile",0,0,"Not Fragile",0,0,Jun 2021,0,0,1,0.693147180559945,0.163459070899712,0.557486344011329,0.602020980728576,0
"149","Lithuania","LTU","Lithuania",NA,0,7,0,0,0,0,0,0,0,"Not Fragile",0,"LTU",61,-0.771900741138046,"Not Fragile",0,0,"Not Fragile",0,0,Jun 2021,0,0,0,0,NA,0,0,0
"150","Netherlands","NLD","Netherlands",NA,0,7,0,0,0,0,0,0,0,"Not Fragile",0,"NLD",55,0.444749589996661,"Not Fragile",0,0,"Not Fragile",4.44749589996661,0,Jun 2021,0,0,0,0,-0.465130254709532,0.279416561359036,0.12996509635499,0
"151","New Zealand","NZL","New Zealand",NA,0,7,0,0,0,0,0,0,0,"Not Fragile",0,"NZL",34,0.83805732128727,"Not Fragile",0,0,"Not Fragile",8.3805732128727,0,NA,NA,NA,NA,NA,NA,NA,NA,NA
"152","North Macedonia","MKD","North Macedonia",NA,0,7,0,0,0,0,0,0,0,"Not Fragile",0,"MKD",1784,1.05834746854342,"Fragile",0,0,"Not Fragile",10,0,Jun 2021,0,0,0,0,-0.23258023830812,0.156855246263254,0.0364814305557866,0
"153","Philippines","PHL","Philippines",NA,0,7,0,0,0,0,0,0,0,"Not Fragile",0,"PHL",552,0.239865790037115,"Not Fragile",178897,0.378315416348216,"Not Fragile",2.39865790037115,3.78315416348216,Jun 2021,106,4.67282883446191,332,5.80814248998044,-1.15514006205115,0.157794090817981,5.99041676583923,0
"154","Portugal","PRT","Portugal",NA,0,7,0,0,0,0,0,0,0,"Not Fragile",0,"PRT",25,0.340637278162948,"Not Fragile",0,0,"Not Fragile",3.40637278162948,0,Jun 2021,0,0,0,0,-0.75,0.346573590279973,0.259930192709979,0
"155","Qatar","QAT","Qatar",NA,0,7,0,0,0,0,0,0,0,"Not Fragile",0,"QAT",36,1.47621779149348,"Fragile",0,0,"Not Fragile",10,0,Jun 2021,0,0,0,0,NA,0,0,0
"156","Saint Kitts and Nevis","KNA","Saint Kitts and Nevis",NA,0,7,0,0,0,0,0,0,0,"Not Fragile",0,"KNA",57,0.824630936376858,"Not Fragile",0,0,"Not Fragile",8.24630936376858,0,NA,NA,NA,NA,NA,NA,NA,NA,NA
"157","Saint Vincent and the Grenadines","VCT","Saint Vincent and the Grenadines",NA,0,7,0,0,0,0,0,0,0,"Not Fragile",0,"VCT",979,-1.35199277292181,"Not Fragile",0,0,"Not Fragile",0,0,NA,NA,NA,NA,NA,NA,NA,NA,NA
"158","Singapore","SGP","Singapore",NA,0,7,0,0,0,0,0,0,0,"Not Fragile",0,"SGP",39,-1.06998122090255,"Not Fragile",0,0,"Not Fragile",0,0,NA,NA,NA,NA,NA,NA,NA,NA,NA
"159","Slovenia","SVN","Slovenia",NA,0,7,0,0,0,0,0,0,0,"Not Fragile",0,"SVN",19,-0.429844406940441,"Not Fragile",0,0,"Not Fragile",0,0,Jun 2021,0,0,0,0,NA,0,0,0
"160","Sweden","SWE","Sweden",NA,0,7,0,0,0,0,0,0,0,"Not Fragile",0,"SWE",13,-0.997965409896352,"Not Fragile",0,0,"Not Fragile",0,0,Jun 2021,0,0,0,0,-0.465130254709532,0.279416561359036,0.12996509635499,0
"161","Switzerland","CHE","Switzerland",NA,0,7,0,0,0,0,0,0,0,"Not Fragile",0,"CHE",5,-0.645497224367903,"Not Fragile",0,0,"Not Fragile",0,0,Jun 2021,0,0,0,0,NA,0,0,0
"162","Thailand","THA","Thailand",NA,0,7,0,0,0,0,0,0,0,"Not Fragile",0,"THA",482,1.98708598905359,"Fragile",0,0,"Not Fragile",10,0,Jun 2021,6,1.94591014905531,17,2.89037175789616,-1.22660939352876,0.527707456853593,3.53766268150796,0
"163","Tonga","TON","Tonga",NA,0,7,0,0,0,0,0,0,0,"Not Fragile",0,"TON",32,0.754390940465824,"Not Fragile",0,0,"Not Fragile",7.54390940465824,0,NA,NA,NA,NA,NA,NA,NA,NA,NA
"164","United States of America","USA","United States of America",NA,0,7,0,0,0,0,0,0,0,"Not Fragile",0,"USA",298,-0.650725555296907,"Not Fragile",0,0,"Not Fragile",0,0,Jun 2021,16,2.83321334405622,46,3.85014760171006,0.589564072970278,0.245877954221825,3.70518679356544,7.94782036485139
"165","Uruguay","URY","Uruguay",NA,0,7,0,0,0,0,0,0,0,"Not Fragile",0,"URY",15,-0.606907571243454,"Not Fragile",0,0,"Not Fragile",0,0,Jun 2021,0,0,0,0,-0.486183751292721,0.342581710593179,0.166557661180469,0
"166","Benin","BEN","Benin",NA,0,7,0,0,0,0,0,0,0,"Not Fragile",0,"BEN",716,1.26719618370564,"Fragile",0,0,"Not Fragile",10,0,Jun 2021,3,1.38629436111989,32,3.49650756146648,1.29923272557091,0.752233677105484,2.51918095089449,10
"167","Canada","CAN","Canada",NA,0,7,0,0,0,0,0,0,0,"Not Fragile",0,"CAN",71,-0.990090108158738,"Not Fragile",0,0,"Not Fragile",0,0,NA,NA,NA,NA,NA,NA,NA,NA,NA
"168","Costa Rica","CRI","Costa Rica",NA,0,7,0,0,0,0,0,0,0,"Not Fragile",0,"CRI",206,-0.604632674266815,"Not Fragile",0,0,"Not Fragile",0,0,Jun 2021,0,0,0,0,-0.910465304799611,0.749527981169199,0.682419221831052,0
"169","CÃ´te d'Ivoire","CIV","C™te d'Ivoire",NA,0,7,0,0,0,0,0,0,0,"Not Fragile",0,"CIV",39364,-0.744209377444576,"Not Fragile",0,-0.445655830397439,"Not Fragile",0,0,Jun 2021,5,1.79175946922805,14,2.70805020110221,0.296338678715242,1.00839408162367,2.40922403132958,6.48169339357621
"170","Denmark","DNK","Denmark",NA,0,7,0,0,0,0,0,0,0,"Not Fragile",0,"DNK",5,-1.15470053837925,"Not Fragile",0,0,"Not Fragile",0,0,Jun 2021,0,0,0,0,-0.465130254709532,0.279416561359036,0.12996509635499,0
"171","Eswatini","SWZ","Eswatini",NA,0,7,0,0,0,0,0,0,0,"Not Fragile",0,"SWZ",217,0.154761450969904,"Not Fragile",0,0,"Not Fragile",1.54761450969904,0,Jun 2021,17,2.89037175789616,17,2.89037175789616,2.93659769073037,0.759248553396494,0.660764209301645,10
"172","Finland","FIN","Finland",NA,0,7,0,0,0,0,0,0,0,"Not Fragile",0,NA,NA,NA,NA,NA,NA,NA,NA,NA,Jun 2021,0,0,0,0,-0.465130254709532,0.279416561359036,0.12996509635499,0
"173","Ghana","GHA","Ghana",NA,0,7,0,0,0,0,0,0,0,"Not Fragile",0,"GHA",18425,-0.199884968045506,"Not Fragile",0,0,"Not Fragile",0,0,Jun 2021,7,2.07944154167984,15,2.77258872223978,0.812039338939105,0.697785737622634,2.20595925313956,9.06019669469553
"174","Guinea-Bissau","GNB","Guinea-Bissau","High-Institutional and Social Fragility",10,7,0,0,0,0,0,0,0,"Not Fragile",0,"GNB",2093,1.11766837773704,"Fragile",0,0,"Not Fragile",10,0,Jun 2021,0,0,0,0,-0.83088088383003,0.661176460358457,0.549358881750246,0
"175","Indonesia","IDN","Indonesia",NA,0,7,0,0,0,0,0,0,0,"Not Fragile",0,"IDN",12051,-0.989307783120718,"Not Fragile",0,0,"Not Fragile",0,0,Jun 2021,11,2.484906649788,37,3.63758615972639,-0.204744599407255,0.457978688805772,3.73135482290298,3.97627700296373
"176","Jamaica","JAM","Jamaica",NA,0,7,0,0,0,0,0,0,0,"Not Fragile",0,"JAM",2529,1.21150964005766,"Fragile",0,0,"Not Fragile",10,0,Jun 2021,21,3.09104245335832,48,3.89182029811063,-1.45289334256364,0.158897688107521,4.1226816913108,0
"177","Korea Republic of","KOR","Korea Republic of",NA,0,7,0,0,0,0,0,0,0,"Not Fragile",0,"KOR",180,-1.07494439096639,"Not Fragile",0,0,"Not Fragile",0,0,Jun 2021,0,0,0,0,NA,0,0,0
"178","Kyrgyzstan","KGZ","Kyrgyzstan",NA,0,7,0,0,0,0,0,0,0,"Not Fragile",0,"KGZ",2963,1.18808246292505,"Fragile",0,0,"Not Fragile",10,0,Jun 2021,0,0,31,3.46573590279973,2.66577882532982,1.00315872881595,0.791536605077397,10
"179","Lao PDR","LAO","Lao PDR",NA,0,7,0,0,0,0,0,0,0,"Not Fragile",0,"LAO",6757,-1.41245404590327,"Not Fragile",0,0,"Not Fragile",0,0,NA,NA,NA,NA,NA,NA,NA,NA,NA
"180","Liechtenstein","LIE","Liechtenstein",NA,0,7,0,0,0,0,0,0,0,"Not Fragile",0,NA,NA,NA,NA,NA,NA,NA,NA,NA,NA,NA,NA,NA,NA,NA,NA,NA,NA
"181","Marshall Islands","MHL","Marshall Islands","High-Institutional and Social Fragility",10,7,0,0,0,0,0,0,0,"Not Fragile",0,"MHL",7,0.912870929175277,"Not Fragile",0,0,"Not Fragile",9.12870929175277,0,NA,NA,NA,NA,NA,NA,NA,NA,NA
"182","Namibia","NAM","Namibia",NA,0,7,0,0,0,0,0,0,0,"Not Fragile",0,"NAM",459,-2.02248375433021,"Not Fragile",0,0,"Not Fragile",0,0,Jun 2021,0,0,0,0,-0.715839570625359,0.435870042885391,0.312013024347535,0
"183","Nepal","NPL","Nepal",NA,0,7,0,0,1,0,1,0,0,"Not Fragile",0,"NPL",8192,-1.13917210674748,"Not Fragile",0,0,"Not Fragile",0,0,Jun 2021,0,0,1,0.693147180559945,-0.93281134738404,0.750087175854786,1.39283700972454,0
"184","Norway","NOR","Norway",NA,0,7,0,0,0,0,1,0,0,"Not Fragile",0,"NOR",5,-1.11803398874989,"Not Fragile",0,0,"Not Fragile",0,0,Jun 2021,0,0,0,0,-0.465130254709532,0.279416561359036,0.12996509635499,0
"185","Paraguay","PRY","Paraguay",NA,0,7,0,0,0,0,0,0,0,"Not Fragile",0,"PRY",84,0.554331816945134,"Not Fragile",0,0,"Not Fragile",5.54331816945134,0,Jun 2021,1,0.693147180559945,4,1.6094379124341,0.485266787690078,0.906456000000946,1.16956492113124,0
"186","Russian Federation","RUS","Russian Federation",NA,0,7,0,0,0,0,0,0,0,"Not Fragile",0,"RUS",62343,-0.525961301607439,"Not Fragile",0,0,"Not Fragile",0,0,Jun 2021,0,0,1,0.693147180559945,-2.7055252017019,0.703281278518919,2.59589240347801,0
"187","Slovakia","SVK","Slovakia",NA,0,7,0,0,0,0,0,0,0,"Not Fragile",0,"SVK",1343,1.21096260556853,"Fragile",0,0,"Not Fragile",10,0,Jun 2021,0,0,0,0,NA,0,0,0
"188","Sri Lanka","LKA","Sri Lanka",NA,0,7,0,0,0,0,0,0,0,"Not Fragile",0,"LKA",110348,-1.44441107576674,"Not Fragile",25110,-1.52591279751243,"Not Fragile",0,0,Jun 2021,2,1.09861228866811,3,1.38629436111989,-0.549762298546057,1.28988785654622,2.09542607400139,0
"189","United Kingdom","GBR","United Kingdom",NA,0,NA,NA,NA,NA,NA,NA,NA,NA,NA,NA,"GBR",69,-0.981748451759817,"Not Fragile",0,0,"Not Fragile",0,0,Jun 2021,0,0,1,0.693147180559945,0.107183761042463,0.548128308657144,0.634396726904228,0
"190","Viet Nam","VNM","Viet Nam",NA,0,7,0,0,0,0,0,0,0,"Not Fragile",0,"VNM",316441,-0.687365161232618,"Not Fragile",0,0,"Not Fragile",0,0,Jun 2021,0,0,0,0,-0.725140177831225,0.564628010885786,0.40943445622221,0
